timestamp,Soil humidity 1,Irrigation field 1,Soil humidity 2,Irrigation field 2,Soil humidity 3,Irrigation field 3,Soil humidity 4,Irrigation field 4,Air temperature (C),Air humidity (%),Pressure (KPa),Wind speed (Km/h),Wind gust (Km/h),Wind direction (Deg)
2019-02-23 00:00:00,67.92,0,55.72,0,-1.56,1,26.57,1,19.52,55.04,101.5,2.13,6.3,225
2019-02-23 00:05:00,67.89,0,55.74,0,-1.51,1,26.58,1,19.49,55.17,101.5,2.01,10.46,123.75
2019-02-23 00:10:00,67.86,0,55.77,0,-1.47,1,26.59,1,19.47,55.3,101.51,1.9,14.63,22.5
2019-02-23 00:15:00,67.84,0,55.79,0,-1.42,1,26.61,1,19.54,54.2,101.51,2.28,16.08,123.75
2019-02-23 00:20:00,67.81,0,55.82,0,-1.38,1,26.62,1,19.61,53.09,101.51,2.66,17.52,225
2019-02-23 00:25:00,67.78,0,55.85,0,-1.33,1,26.63,1,19.67,51.91,101.51,2.51,14.69,225
2019-02-23 00:30:00,67.76,0,55.87,0,-1.28,1,26.64,1,19.74,50.72,101.5,2.36,11.85,225
2019-02-23 00:35:00,67.73,0,55.9,0,-1.24,1,26.65,1,19.8,49.54,101.5,2.21,9.02,225
2019-02-23 00:40:00,67.7,0,55.92,0,-1.19,1,26.66,1,19.91,47.7,101.5,2.46,7.23,123.75
2019-02-23 00:45:00,67.68,0,55.95,0,-1.15,1,26.67,1,20.02,45.86,101.5,2.71,5.44,22.5
2019-02-23 00:50:00,67.65,0,55.97,0,-1.1,1,26.68,1,20.1,44.76,101.5,2.8,6.29,123.75
2019-02-23 00:55:00,67.62,0,56,0,-1.06,1,26.69,1,20.19,43.67,101.49,2.89,7.14,225
2019-02-23 01:00:00,67.59,0,56,0,-1.01,1,26.7,1,20.3,42.56,101.49,3,11.96,225
2019-02-23 01:05:00,67.57,0,56,0,-0.96,1,26.71,1,20.41,41.44,101.49,3.11,16.78,225
2019-02-23 01:10:00,67.54,0,56,0,-0.92,1,26.72,1,20.41,41.58,101.48,3.5,17.48,225
2019-02-23 01:15:00,67.51,0,56,0,-0.87,1,26.73,1,20.41,41.71,101.48,3.9,18.18,225
2019-02-23 01:20:00,67.49,0,56,0,-0.83,1,26.74,1,20.61,40.34,101.48,4.74,23.04,225
2019-02-23 01:25:00,67.46,0,56,0,-0.78,1,26.75,1,20.81,38.96,101.48,5.58,27.91,225
2019-02-23 01:30:00,67.43,0,56,0,-0.73,1,26.76,1,20.93,37.33,101.48,5.74,26.29,225
2019-02-23 01:35:00,67.41,0,56,0,-0.69,1,26.77,1,21.06,35.69,101.48,5.89,24.67,225
2019-02-23 01:40:00,67.38,0,56,0,-0.64,1,26.78,1,21.18,34.06,101.47,6.04,23.05,225
2019-02-23 01:45:00,67.35,0,56,0,-0.6,1,26.79,1,21.3,32.42,101.47,6.2,21.43,225
2019-02-23 01:50:00,67.32,0,56,0,-0.55,1,26.8,1,21.35,31.07,101.46,6.06,21.84,225
2019-02-23 01:55:00,67.3,0,56,0,-0.5,1,26.81,1,21.4,29.72,101.46,5.93,22.26,225
2019-02-23 02:00:00,67.27,0,56,0,-0.46,1,26.83,1,21.44,28.38,101.46,5.8,22.67,225
2019-02-23 02:05:00,67.24,0,56,0,-0.41,1,26.84,1,21.49,27.03,101.45,5.66,23.08,225
2019-02-23 02:10:00,67.22,0,56,0,-0.37,1,26.85,1,21.56,26.62,101.44,7.11,36.03,225
2019-02-23 02:15:00,67.19,0,56,0,-0.32,1,26.86,1,21.62,26.22,101.43,8.56,48.98,225
2019-02-23 02:20:00,67.16,0,56,0,-0.28,1,26.87,1,21.66,25.72,101.42,8.89,48.02,225
2019-02-23 02:25:00,67.14,0,56,0,-0.23,1,26.88,1,21.69,25.21,101.41,9.21,47.06,225
2019-02-23 02:30:00,67.11,0,56,0,-0.18,1,26.89,1,21.48,25.8,101.4,8.76,46.17,225
2019-02-23 02:35:00,67.08,0,56,0,-0.14,1,26.9,1,21.28,26.39,101.4,8.32,45.28,225
2019-02-23 02:40:00,67.05,0,56,0,-0.09,1,26.91,1,21.3,25.53,101.39,8.61,46.64,225
2019-02-23 02:45:00,67.03,0,56,0,-0.05,1,26.92,1,21.32,24.67,101.38,8.9,48,225
2019-02-23 02:50:00,67,0,56,0,0,1,26.93,1,21.28,24.32,101.38,8.22,45.43,225
2019-02-23 02:55:00,66.97,0,56,0,-0.07,0,26.94,1,21.24,23.96,101.37,7.53,42.86,225
2019-02-23 03:00:00,66.94,0,56,0,-0.14,0,26.95,1,21.2,23.81,101.36,7.7,42.14,225
2019-02-23 03:05:00,66.92,0,56,0,-0.21,0,26.96,1,21.16,23.66,101.36,7.87,41.43,225
2019-02-23 03:10:00,66.89,0,56,0,-0.27,0,26.97,1,21.13,23.5,101.35,8.04,40.72,225
2019-02-23 03:15:00,66.86,0,56,0,-0.34,0,26.98,1,21.09,23.35,101.35,8.21,40,225
2019-02-23 03:20:00,66.83,0,56,0,-0.41,0,26.99,1,21.1,23.09,101.35,8.33,41.54,247.5
2019-02-23 03:25:00,66.81,0,56,0,-0.48,0,27,1,21.11,22.84,101.34,8.46,43.08,270
2019-02-23 03:30:00,66.78,0,56,0,-0.55,0,27.01,1,21.12,22.58,101.34,8.58,44.61,292.5
2019-02-23 03:35:00,66.75,0,56,0,-0.62,0,27.02,1,21.13,22.32,101.34,8.7,46.15,315
2019-02-23 03:40:00,66.72,0,56,0,-0.68,0,27.03,1,20.94,22.58,101.34,7.26,38.26,270
2019-02-23 03:45:00,66.69,0,56,0,-0.75,0,27.04,1,20.76,22.83,101.34,5.82,30.38,225
2019-02-23 03:50:00,66.67,0,56,0,-0.82,0,27.06,1,20.56,23.4,101.34,5.31,27.83,247.5
2019-02-23 03:55:00,66.64,0,56,0,-0.89,0,27.07,1,20.36,23.97,101.34,4.8,25.28,270
2019-02-23 04:00:00,66.61,0,56,0,-0.96,0,27.08,1,20.15,24.54,101.33,4.28,22.72,292.5
2019-02-23 04:05:00,66.58,0,56,0,-1.03,0,27.09,1,19.95,25.11,101.33,3.77,20.17,315
2019-02-23 04:10:00,66.56,0,56,0,-1.1,0,27.1,1,19.71,26.29,101.34,3.73,13.57,270
2019-02-23 04:15:00,66.53,0,56,0,-1.16,0,27.11,1,19.47,27.47,101.34,3.69,6.96,225
2019-02-23 04:20:00,66.5,0,56,0,-1.23,0,27.12,1,19.32,27.99,101.34,3.44,9.76,270
2019-02-23 04:25:00,66.47,0,56,0,-1.3,0,27.13,1,19.18,28.51,101.34,3.18,12.57,315
2019-02-23 04:30:00,66.44,0,56,0,-1.37,0,27.14,1,19.21,28.64,101.34,3.87,12.88,315
2019-02-23 04:35:00,66.42,0,56,0,-1.44,0,27.15,1,19.24,28.77,101.34,4.56,13.19,315
2019-02-23 04:40:00,66.39,0,56,0,-1.51,0,27.16,1,19.17,29.56,101.34,4.86,15.48,270
2019-02-23 04:45:00,66.36,0,56,0,-1.58,0,27.17,1,19.1,30.36,101.33,5.16,17.78,225
2019-02-23 04:50:00,66.33,0,56,0,-1.64,0,27.18,1,19.02,31.01,101.33,4.45,17.78,270
2019-02-23 04:55:00,66.31,0,56,0,-1.71,0,27.19,1,18.93,31.66,101.33,3.74,17.78,315
2019-02-23 05:00:00,66.28,0,56,0,-1.78,0,27.2,1,18.74,31.96,101.33,3.55,13.49,270
2019-02-23 05:05:00,66.25,0,56,0,-1.85,0,27.21,1,18.55,32.25,101.33,3.35,9.2,225
2019-02-23 05:10:00,66.22,0,56,0,-1.92,0,27.22,1,18.63,31.86,101.33,4.05,10.32,225
2019-02-23 05:15:00,66.19,0,56,0,-1.99,0,27.23,1,18.71,31.47,101.33,4.75,11.43,225
2019-02-23 05:20:00,66.17,0,56,0,-2.05,0,27.24,1,18.87,30.63,101.34,4.7,14.41,270
2019-02-23 05:25:00,66.14,0,56,0,-2.12,0,27.25,1,19.03,29.79,101.34,4.64,17.39,315
2019-02-23 05:30:00,66.11,0,56,0,-2.19,0,27.26,1,19.02,29.64,101.34,4.39,19.8,270
2019-02-23 05:35:00,66.08,0,56,0,-2.26,0,27.28,1,19,29.5,101.35,4.14,22.22,225
2019-02-23 05:40:00,66.06,0,56,0,-2.33,0,27.29,1,19.04,29.16,101.35,4.35,23.32,225
2019-02-23 05:45:00,66.03,0,56,0,-2.4,0,27.3,1,19.07,28.81,101.35,4.57,24.43,225
2019-02-23 05:50:00,66,0,56,0,-2.47,0,27.31,1,19.11,28.47,101.35,4.78,25.53,225
2019-02-23 05:55:00,65.97,0,56,0,-2.53,0,27.32,1,19.11,28.2,101.35,4.28,22.9,247.5
2019-02-23 06:00:00,65.94,0,56,0,-2.6,0,27.33,1,19.1,27.92,101.36,3.78,20.26,270
2019-02-23 06:05:00,65.92,0,56,0,-2.67,0,27.34,1,19.1,27.65,101.36,3.28,17.63,292.5
2019-02-23 06:10:00,65.89,0,56,0,-2.74,0,27.35,1,19.1,27.38,101.37,2.78,15,315
2019-02-23 06:15:00,65.86,0,56,0,-2.81,0,27.36,1,18.87,27.66,101.37,2.01,11.76,315
2019-02-23 06:20:00,65.83,0,56,0,-2.88,0,27.37,1,18.64,27.93,101.37,1.25,8.51,315
2019-02-23 06:25:00,65.81,0,56,0,-2.95,0,27.38,1,18.48,28.11,101.36,1.41,9.76,315
2019-02-23 06:30:00,65.78,0,56,0,-3.01,0,27.39,1,18.31,28.29,101.36,1.57,11.01,315
2019-02-23 06:35:00,65.75,0,56,0,-3.08,0,27.4,1,18.46,27.32,101.36,1.6,9.73,303.75
2019-02-23 06:40:00,65.72,0,56,0,-3.15,0,27.41,1,18.62,26.36,101.37,1.62,8.45,292.5
2019-02-23 06:45:00,65.69,0,56,0,-3.22,0,27.42,1,18.72,25.4,101.38,2.07,12.74,292.5
2019-02-23 06:50:00,65.67,0,56,0,-3.29,0,27.43,1,18.81,24.45,101.38,2.52,17.02,292.5
2019-02-23 06:55:00,65.64,0,56,0,-3.36,0,27.44,1,19.04,23.14,101.38,2.4,16.62,292.5
2019-02-23 07:00:00,65.61,0,56,0,-3.42,0,27.45,1,19.27,21.83,101.39,2.27,16.22,292.5
2019-02-23 07:05:00,65.58,0,56,0,-3.49,0,27.46,1,19.36,21.06,101.4,2.78,17.78,303.75
2019-02-23 07:10:00,65.56,0,56,0,-3.56,0,27.47,1,19.45,20.29,101.41,3.29,19.35,315
2019-02-23 07:15:00,65.53,0,56,0,-3.63,0,27.48,1,19.42,20.58,101.42,3.01,15.58,315
2019-02-23 07:20:00,65.5,0,56,0,-3.7,0,27.49,1,19.38,20.88,101.43,2.73,11.82,315
2019-02-23 07:25:00,65.47,0,55.92,0,-3.77,0,27.51,1,19.33,21.33,101.44,2.82,12.31,315
2019-02-23 07:30:00,65.44,0,55.85,0,-3.84,0,27.52,1,19.28,21.78,101.44,2.9,12.8,315
2019-02-23 07:35:00,65.42,0,55.77,0,-3.9,0,27.53,1,19.24,22.22,101.44,2.98,13.3,315
2019-02-23 07:40:00,65.39,0,55.69,0,-3.97,0,27.54,1,19.19,22.67,101.45,3.07,13.79,315
2019-02-23 07:45:00,65.36,0,55.62,0,-4.04,0,27.55,1,19.26,22.7,101.46,3,14.9,315
2019-02-23 07:50:00,65.33,0,55.54,0,-4.11,0,27.56,1,19.32,22.74,101.46,2.92,16,315
2019-02-23 07:55:00,65.31,0,55.46,0,-4.18,0,27.57,1,19.6,22.42,101.46,3.24,16.63,315
2019-02-23 08:00:00,65.28,0,55.38,0,-4.25,0,27.58,1,19.89,22.11,101.46,3.57,17.27,315
2019-02-23 08:05:00,65.25,0,55.31,0,-4.32,0,27.59,1,20.28,22.04,101.46,3.55,17.8,315
2019-02-23 08:10:00,65.22,0,55.23,0,-4.38,0,27.6,1,20.68,21.97,101.47,3.53,18.32,315
2019-02-23 08:15:00,65.19,0,55.15,0,-4.45,0,27.61,1,21.21,21.44,101.48,3.66,18.76,315
2019-02-23 08:20:00,65.17,0,55.08,0,-4.52,0,27.62,1,21.74,20.9,101.49,3.78,19.2,315
2019-02-23 08:25:00,65.14,0,55,0,-4.59,0,27.63,1,22.44,20.58,101.49,3.43,18.24,315
2019-02-23 08:30:00,65.11,0,54.92,0,-4.66,0,27.64,1,23.13,20.27,101.49,3.08,17.27,315
2019-02-23 08:35:00,65.08,0,54.85,0,-4.73,0,27.65,1,23.76,19.5,101.49,3.42,18.94,315
2019-02-23 08:40:00,65.06,0,54.77,0,-4.79,0,27.66,1,24.4,18.73,101.5,3.77,20.6,315
2019-02-23 08:45:00,65.03,0,54.69,0,-4.86,0,27.67,1,25.04,17.96,101.5,4.12,22.27,315
2019-02-23 08:50:00,65,0,54.62,0,-4.93,0,27.68,1,25.67,17.2,101.51,4.46,23.94,315
2019-02-23 08:55:00,64.97,0,54.54,0,-5,0,27.69,1,26.3,16.43,101.52,4.81,25.6,315
2019-02-23 09:00:00,64.94,0,54.46,0,-5.14,0,27.7,1,26.94,15.66,101.52,5.15,27.27,315
2019-02-23 09:05:00,64.92,0,54.38,0,-5.27,0,27.71,1,27.38,14.2,101.52,6.86,33.98,315
2019-02-23 09:10:00,64.89,0,54.31,0,-5.41,0,27.72,1,27.83,12.75,101.52,8.57,40.68,315
2019-02-23 09:15:00,64.86,0,54.23,0,-5.55,0,27.74,1,28.14,12.24,101.52,8.46,35.16,315
2019-02-23 09:20:00,64.83,0,54.15,0,-5.68,0,27.75,1,28.46,11.74,101.53,8.36,29.63,315
2019-02-23 09:25:00,64.81,0,54.08,0,-5.82,0,27.76,1,28.94,11.29,101.54,8.43,28.77,315
2019-02-23 09:30:00,64.78,0,54,0,-5.95,0,27.77,1,29.42,10.84,101.55,8.5,27.91,315
2019-02-23 09:35:00,64.75,0,53.92,0,-6.09,0,27.78,1,29.82,10.43,101.55,8.72,36.17,315
2019-02-23 09:40:00,64.72,0,53.85,0,-6.23,0,27.79,1,30.22,10.02,101.55,8.95,44.44,315
2019-02-23 09:45:00,64.69,0,53.77,0,-6.36,0,27.8,1,30.54,9.84,101.55,8.94,34.1,315
2019-02-23 09:50:00,64.67,0,53.69,0,-6.5,0,27.81,1,30.86,9.65,101.55,8.94,23.76,315
2019-02-23 09:55:00,64.64,0,53.62,0,-6.64,0,27.82,1,31.27,9.33,101.56,8.9,26.58,315
2019-02-23 10:00:00,64.61,0,53.54,0,-6.77,0,27.83,1,31.69,9.01,101.56,8.86,29.4,315
2019-02-23 10:05:00,64.58,0,53.46,0,-6.91,0,27.84,1,32.1,8.7,101.56,8.82,32.22,315
2019-02-23 10:10:00,64.56,0,53.38,0,-7.05,0,27.85,1,32.51,8.38,101.57,8.78,35.04,315
2019-02-23 10:15:00,64.53,0,53.31,0,-7.18,0,27.86,1,32.93,8.06,101.58,8.74,37.86,315
2019-02-23 10:20:00,64.5,0,53.23,0,-7.32,0,27.87,1,33.34,7.74,101.58,8.7,40.68,315
2019-02-23 10:25:00,64.47,0,53.15,0,-7.45,0,27.88,1,33.28,7.15,101.58,10.6,39.7,315
2019-02-23 10:30:00,64.44,0,53.08,0,-7.59,0,27.89,1,33.23,6.56,101.59,12.51,38.71,315
2019-02-23 10:35:00,64.42,0,53,0,-7.73,0,27.9,1,33.62,6.36,101.58,11.78,40.04,315
2019-02-23 10:40:00,64.39,0,52.9,0,-7.86,0,27.91,1,34.01,6.17,101.58,11.06,41.38,315
2019-02-23 10:45:00,64.36,0,52.79,0,-8,0,27.92,1,34.36,5.97,101.58,11.19,33.88,315
2019-02-23 10:50:00,64.33,0,52.69,0,-8.14,0,27.93,1,34.71,5.77,101.58,11.32,26.37,315
2019-02-23 10:55:00,64.31,0,52.59,0,-8.27,0,27.94,1,35.04,5.66,101.57,11.14,36.26,315
2019-02-23 11:00:00,64.28,0,52.49,0,-8.41,0,27.96,1,35.37,5.56,101.56,10.96,46.15,315
2019-02-23 11:05:00,64.25,0,52.38,0,-8.55,0,27.97,1,35.04,5.48,101.56,11.99,39.97,315
2019-02-23 11:10:00,64.22,0,52.28,0,-8.68,0,27.98,1,34.71,5.41,101.55,13.02,33.8,315
2019-02-23 11:15:00,64.19,0,52.18,0,-8.82,0,27.99,1,35.13,5.28,101.55,12.66,33.56,315
2019-02-23 11:20:00,64.17,0,52.08,0,-8.95,0,28,1,35.55,5.14,101.55,12.29,33.33,315
2019-02-23 11:25:00,64.14,0,51.97,0,-9.09,0,28.01,1,35.55,5.13,101.54,12.45,33.11,315
2019-02-23 11:30:00,64.11,0,51.87,0,-9.23,0,28.02,1,35.55,5.12,101.54,12.61,32.88,315
2019-02-23 11:35:00,64.08,0,51.77,0,-9.36,0,28.03,1,36,4.88,101.54,11.92,47.21,315
2019-02-23 11:40:00,64.06,0,51.67,0,-9.5,0,28.04,1,36.46,4.64,101.54,11.23,61.54,315
2019-02-23 11:45:00,64.03,0,51.56,0,-9.64,0,28.05,1,36.39,4.66,101.54,11.58,46.56,315
2019-02-23 11:50:00,64,0,51.46,0,-9.77,0,28.06,1,36.33,4.69,101.53,11.92,31.58,315
2019-02-23 11:55:00,64.05,1,51.36,0,-9.91,0,28.07,1,36.33,4.48,101.52,12.36,32.92,315
2019-02-23 12:00:00,64.1,1,51.26,0,-10.05,0,28.08,1,36.32,4.28,101.51,12.81,34.25,315
2019-02-23 12:05:00,64.14,1,51.15,0,-10.18,0,28.09,1,36.32,4.07,101.5,13.26,35.58,315
2019-02-23 12:10:00,64.19,1,51.05,0,-10.32,0,28.1,1,36.31,3.86,101.49,13.7,36.92,315
2019-02-23 12:15:00,64.24,1,50.95,0,-10.45,0,28.11,1,36.53,3.92,101.48,13.06,31.36,315
2019-02-23 12:20:00,64.29,1,50.85,0,-10.59,0,28.12,1,36.76,3.97,101.47,12.43,25.81,315
2019-02-23 12:25:00,64.34,1,50.74,0,-10.73,0,28.13,1,37.06,3.88,101.46,11.76,42.18,315
2019-02-23 12:30:00,64.38,1,50.64,0,-10.86,0,28.14,1,37.36,3.8,101.46,11.09,58.54,315
2019-02-23 12:35:00,64.43,1,50.54,0,-11,0,28.15,1,37.69,3.72,101.45,10.94,63.55,315
2019-02-23 12:40:00,64.48,1,50.44,0,-11.14,0,28.16,1,38.02,3.65,101.44,10.8,68.57,315
2019-02-23 12:45:00,64.53,1,50.33,0,-11.27,0,28.17,1,37.6,3.51,101.43,11.67,52.46,315
2019-02-23 12:50:00,64.58,1,50.23,0,-11.41,0,28.19,1,37.17,3.38,101.42,12.54,36.36,315
2019-02-23 12:55:00,64.62,1,50.13,0,-11.55,0,28.2,1,36.66,3.75,101.41,12.84,33.37,315
2019-02-23 13:00:00,64.67,1,50.03,0,-11.68,0,28.21,1,36.15,4.12,101.4,13.15,30.38,315
2019-02-23 13:05:00,64.72,1,49.92,0,-11.82,0,28.22,1,35.44,4.32,101.38,13.8,36.62,315
2019-02-23 13:10:00,64.77,1,49.82,0,-11.95,0,28.23,1,34.72,4.53,101.37,14.45,42.86,315
2019-02-23 13:15:00,64.82,1,49.72,0,-12.09,0,28.24,1,34.78,4.85,101.36,13.8,39.08,315
2019-02-23 13:20:00,64.86,1,49.62,0,-12.23,0,28.25,1,34.85,5.17,101.35,13.14,35.29,315
2019-02-23 13:25:00,64.91,1,49.51,0,-12.36,0,28.26,1,34.93,4.87,101.34,13.9,42.14,315
2019-02-23 13:30:00,64.96,1,49.41,0,-12.5,0,28.27,1,35.01,4.57,101.34,14.65,48.98,315
2019-02-23 13:35:00,65.01,1,49.31,0,-12.64,0,28.28,1,35.45,4.49,101.33,13.24,46.71,315
2019-02-23 13:40:00,65.05,1,49.21,0,-12.77,0,28.29,1,35.89,4.4,101.32,11.84,44.44,315
2019-02-23 13:45:00,65.1,1,49.1,0,-12.91,0,28.3,1,36.3,3.99,101.32,11.87,37.6,315
2019-02-23 13:50:00,65.15,1,49,0,-13.05,0,28.31,1,36.71,3.57,101.31,11.9,30.77,315
2019-02-23 13:55:00,65.2,1,48.97,0,-13.18,0,28.32,1,36.77,3.71,101.3,12.14,28.57,315
2019-02-23 14:00:00,65.25,1,48.95,0,-13.32,0,28.33,1,36.83,3.85,101.3,12.38,26.37,315
2019-02-23 14:05:00,65.29,1,48.92,0,-13.45,0,28.34,1,36.7,3.97,101.28,11.98,33.88,315
2019-02-23 14:10:00,65.34,1,48.9,0,-13.59,0,28.35,1,36.56,4.09,101.27,11.59,41.38,315
2019-02-23 14:15:00,65.39,1,48.87,0,-13.73,0,28.36,1,36.36,4.35,101.26,11.83,35.88,303.75
2019-02-23 14:20:00,65.44,1,48.85,0,-13.86,0,28.37,1,36.15,4.61,101.25,12.07,30.38,292.5
2019-02-23 14:25:00,65.49,1,48.82,0,-14,0,28.38,1,36.2,4.62,101.24,11.44,29.65,146.25
2019-02-23 14:30:00,65.53,1,48.79,0,-14.14,0,28.39,1,36.25,4.63,101.23,10.8,28.92,0
2019-02-23 14:35:00,65.58,1,48.77,0,-14.27,0,28.41,1,36.12,4.7,101.22,11.14,31.86,0
2019-02-23 14:40:00,65.63,1,48.74,0,-14.41,0,28.42,1,36,4.77,101.21,11.48,34.8,0
2019-02-23 14:45:00,65.68,1,48.72,0,-14.55,0,28.43,1,35.88,4.84,101.2,11.83,37.74,0
2019-02-23 14:50:00,65.73,1,48.69,0,-14.68,0,28.44,1,35.75,4.91,101.19,12.17,40.68,0
2019-02-23 14:55:00,65.77,1,48.67,0,-14.82,0,28.45,1,35.59,4.59,101.18,12.04,38.52,0
2019-02-23 15:00:00,65.82,1,48.64,0,-14.95,0,28.46,1,35.43,4.27,101.18,11.9,36.36,0
2019-02-23 15:05:00,65.87,1,48.62,0,-15.09,0,28.47,1,35.48,4.22,101.17,11.88,35.83,0
2019-02-23 15:10:00,65.92,1,48.59,0,-15.23,0,28.48,1,35.52,4.17,101.16,11.85,35.29,0
2019-02-23 15:15:00,65.97,1,48.56,0,-15.36,0,28.49,1,35.52,4.06,101.15,12.25,46.22,0
2019-02-23 15:20:00,66.01,1,48.54,0,-15.5,0,28.5,1,35.52,3.96,101.14,12.65,57.14,0
2019-02-23 15:25:00,66.06,1,48.51,0,-15.64,0,28.51,1,35.42,3.88,101.14,12.48,57.14,0
2019-02-23 15:30:00,66.11,1,48.49,0,-15.77,0,28.52,1,35.33,3.8,101.13,12.31,57.14,0
2019-02-23 15:35:00,66.16,1,48.46,0,-15.91,0,28.53,1,35.24,3.98,101.12,12.76,63.86,0
2019-02-23 15:40:00,66.21,1,48.44,0,-16.05,0,28.54,1,35.15,4.17,101.11,13.2,70.59,0
2019-02-23 15:45:00,66.25,1,48.41,0,-16.18,0,28.55,1,35.34,4.12,101.1,12.52,50.88,0
2019-02-23 15:50:00,66.3,1,48.38,0,-16.32,0,28.56,1,35.52,4.06,101.1,11.83,31.17,0
2019-02-23 15:55:00,66.35,1,48.36,0,-16.45,0,28.57,1,35.53,3.96,101.1,12.03,43.49,0
2019-02-23 16:00:00,66.4,1,48.33,0,-16.59,0,28.58,1,35.55,3.87,101.09,12.23,55.81,0
2019-02-23 16:05:00,66.45,1,48.31,0,-16.73,0,28.59,1,35.4,3.7,101.08,12.08,47.26,0
2019-02-23 16:10:00,66.49,1,48.28,0,-16.86,0,28.6,1,35.25,3.53,101.08,11.93,38.71,0
2019-02-23 16:15:00,66.54,1,48.26,0,-17,0,28.61,1,35.35,3.34,101.06,11.2,41.38,0
2019-02-23 16:20:00,66.59,1,48.23,0,-17.14,0,28.62,1,35.24,2.96,101.06,11.96,36.08,0
2019-02-23 16:25:00,66.64,1,48.21,0,-17.27,0,28.64,1,35.13,2.58,101.05,12.72,30.77,0
2019-02-23 16:30:00,66.68,1,48.18,0,-17.41,0,28.65,1,35.03,2.74,101.05,12.44,30.77,157.5
2019-02-23 16:35:00,66.73,1,48.15,0,-17.55,0,28.66,1,34.92,2.9,101.05,12.16,30.77,315
2019-02-23 16:40:00,66.78,1,48.13,0,-17.68,0,28.67,1,34.83,2.88,101.04,12.4,35.72,315
2019-02-23 16:45:00,66.83,1,48.1,0,-17.82,0,28.68,1,34.73,2.86,101.04,12.63,40.68,315
2019-02-23 16:50:00,66.88,1,48.08,0,-17.95,0,28.69,1,34.74,2.99,101.04,11.54,37.24,315
2019-02-23 16:55:00,66.92,1,48.05,0,-18.09,0,28.7,1,34.76,3.12,101.04,10.44,33.8,315
2019-02-23 17:00:00,66.97,1,48.03,0,-18.23,0,28.71,1,34.7,3.08,101.04,10.75,30.53,315
2019-02-23 17:05:00,67.02,1,48,0,-18.36,0,28.72,1,34.63,3.05,101.04,11.06,27.27,315
2019-02-23 17:10:00,67.07,1,48.03,1,-18.5,0,28.73,1,34.56,3.1,101.04,11.29,26.82,315
2019-02-23 17:15:00,67.12,1,48.05,1,-18.64,0,28.74,1,34.49,3.16,101.04,11.52,26.37,315
2019-02-23 17:20:00,67.16,1,48.08,1,-18.77,0,28.75,1,34.48,3.52,101.04,9.75,25.3,315
2019-02-23 17:25:00,67.21,1,48.1,1,-18.91,0,28.76,1,34.46,3.87,101.04,7.98,24.24,315
2019-02-23 17:30:00,67.26,1,48.13,1,-19.05,0,28.77,1,34.26,3.7,101.04,9.14,31.48,315
2019-02-23 17:35:00,67.31,1,48.15,1,-19.18,0,28.78,1,34.07,3.52,101.04,10.31,38.71,315
2019-02-23 17:40:00,67.36,1,48.18,1,-19.32,0,28.79,1,33.83,3.5,101.04,10.75,43.84,270
2019-02-23 17:45:00,67.4,1,48.21,1,-19.45,0,28.8,1,33.58,3.48,101.03,11.19,48.98,225
2019-02-23 17:50:00,67.45,1,48.23,1,-19.59,0,28.81,1,33.44,3.6,101.02,10.26,35.7,225
2019-02-23 17:55:00,67.5,1,48.26,1,-19.73,0,28.82,1,33.31,3.72,101.02,9.34,22.43,225
2019-02-23 18:00:00,67.55,1,48.28,1,-19.86,0,28.83,1,33.13,3.88,101.02,9.44,33.44,225
2019-02-23 18:05:00,67.6,1,48.31,1,-20,0,28.84,1,32.95,4.05,101.02,9.54,44.44,225
2019-02-23 18:10:00,67.64,1,48.33,1,-17.83,1,28.86,1,32.82,4.17,101.02,9.01,39.86,225
2019-02-23 18:15:00,67.69,1,48.36,1,-15.67,1,28.87,1,32.69,4.29,101.02,8.48,35.29,225
2019-02-23 18:20:00,67.74,1,48.38,1,-13.5,1,28.88,1,32.64,4.14,101.02,8.41,27.82,270
2019-02-23 18:25:00,67.79,1,48.41,1,-11.33,1,28.89,1,32.59,3.98,101.02,8.34,20.34,315
2019-02-23 18:30:00,67.84,1,48.44,1,-9.17,1,28.9,1,32.45,3.94,101.02,8.36,21.34,315
2019-02-23 18:35:00,67.88,1,48.46,1,-7,1,28.91,1,32.3,3.9,101.03,8.39,22.35,315
2019-02-23 18:40:00,67.93,1,48.49,1,-4.83,1,28.92,1,32.16,3.86,101.03,8.41,23.36,315
2019-02-23 18:45:00,67.98,1,48.51,1,-2.67,1,28.93,1,32.02,3.82,101.03,8.43,24.36,315
2019-02-23 18:50:00,68.03,1,48.54,1,-0.5,1,28.94,1,31.87,3.78,101.04,8.46,25.36,315
2019-02-23 18:55:00,68.08,1,48.56,1,1.67,1,28.95,1,31.73,3.74,101.04,8.48,26.37,315
2019-02-23 19:00:00,68.12,1,48.59,1,3.83,1,28.96,1,31.54,3.86,101.04,8.11,24.78,315
2019-02-23 19:05:00,68.17,1,48.62,1,6,1,28.97,1,31.34,3.99,101.04,7.74,23.18,315
2019-02-23 19:10:00,68.22,1,48.64,1,8.17,1,28.98,1,31.15,4.12,101.04,7.37,21.59,315
2019-02-23 19:15:00,68.27,1,48.67,1,10.33,1,28.99,1,30.96,4.24,101.04,7,20,315
2019-02-23 19:20:00,68.32,1,48.69,1,12.5,1,29,1,30.75,4.5,101.04,6.48,17.94,315
2019-02-23 19:25:00,68.36,1,48.72,1,14.67,1,29.01,1,30.54,4.75,101.05,5.97,15.89,315
2019-02-23 19:30:00,68.41,1,48.74,1,16.83,1,29.02,1,30.44,4.79,101.06,6.2,14.76,270
2019-02-23 19:35:00,68.46,1,48.77,1,19,1,29.03,1,30.35,4.83,101.06,6.44,13.64,225
2019-02-23 19:40:00,68.51,1,48.79,1,21.17,1,29.04,1,30.13,5.22,101.08,5.85,17.63,270
2019-02-23 19:45:00,68.55,1,48.82,1,23.33,1,29.05,1,29.91,5.61,101.09,5.25,21.62,315
2019-02-23 19:50:00,68.6,1,48.85,1,25.5,1,29.06,1,29.58,6.22,101.1,4.5,22.24,315
2019-02-23 19:55:00,68.65,1,48.87,1,27.67,1,29.07,1,29.24,6.82,101.1,3.74,22.86,315
2019-02-23 20:00:00,68.7,1,48.9,1,29.83,1,29.09,1,29.03,7.38,101.11,4.02,18.36,270
2019-02-23 20:05:00,68.75,1,48.92,1,32,1,29.1,1,28.83,7.93,101.12,4.29,13.87,225
2019-02-23 20:10:00,68.79,1,48.95,1,34.17,1,29.11,1,28.68,8.25,101.12,4.04,15.7,225
2019-02-23 20:15:00,68.84,1,48.97,1,36.33,1,29.12,1,28.54,8.56,101.13,3.79,17.52,225
2019-02-23 20:20:00,68.89,1,49,1,38.5,1,29.13,1,28.34,9.15,101.14,4.02,20.08,225
2019-02-23 20:25:00,68.94,1,48.97,0,40.67,1,29.14,1,28.14,9.74,101.15,4.25,22.64,225
2019-02-23 20:30:00,68.99,1,48.95,0,42.83,1,29.15,1,28.22,9.64,101.16,5.06,23.56,270
2019-02-23 20:35:00,69.03,1,48.92,0,45,1,29.16,1,28.3,9.54,101.17,5.86,24.49,315
2019-02-23 20:40:00,69.08,1,48.89,0,47.17,1,29.17,1,28.09,10.34,101.18,5.52,29.89,315
2019-02-23 20:45:00,69.13,1,48.87,0,49.33,1,29.18,1,27.88,11.15,101.18,5.17,35.29,315
2019-02-23 20:50:00,69.18,1,48.84,0,51.5,1,29.19,1,27.74,11.73,101.18,5.62,34.08,315
2019-02-23 20:55:00,69.23,1,48.82,0,53.67,1,29.2,1,27.61,12.3,101.17,6.07,32.88,315
2019-02-23 21:00:00,69.27,1,48.79,0,55.83,1,29.21,1,27.38,13.09,101.18,5.22,26.04,270
2019-02-23 21:05:00,69.32,1,48.76,0,58,1,29.22,1,27.16,13.88,101.19,4.36,19.2,225
2019-02-23 21:10:00,69.37,1,48.74,0,57.89,0,29.23,1,26.84,14.36,101.2,3.78,19.69,225
2019-02-23 21:15:00,69.42,1,48.71,0,57.78,0,29.24,1,26.52,14.83,101.2,3.2,20.17,225
2019-02-23 21:20:00,69.47,1,48.68,0,57.67,0,29.25,1,26.29,14.93,101.21,3.08,21.2,225
2019-02-23 21:25:00,69.51,1,48.66,0,57.56,0,29.26,1,26.06,15.04,101.22,2.97,22.22,225
2019-02-23 21:30:00,69.56,1,48.63,0,57.44,0,29.27,1,25.94,15.08,101.24,2.86,18.85,225
2019-02-23 21:35:00,69.61,1,48.61,0,57.33,0,29.28,1,25.81,15.12,101.25,2.75,15.48,225
2019-02-23 21:40:00,69.66,1,48.58,0,57.22,0,29.29,1,25.73,15.58,101.25,3.06,15.64,225
2019-02-23 21:45:00,69.71,1,48.55,0,57.11,0,29.3,1,25.65,16.05,101.25,3.38,15.79,225
2019-02-23 21:50:00,69.75,1,48.53,0,57,0,29.32,1,25.59,16.13,101.25,3.66,15.84,225
2019-02-23 21:55:00,69.8,1,48.5,0,56.89,0,29.33,1,25.53,16.22,101.25,3.94,15.89,225
2019-02-23 22:00:00,69.85,1,48.47,0,56.78,0,29.34,1,25.51,15.56,101.25,3.83,18.03,225
2019-02-23 22:05:00,69.9,1,48.45,0,56.67,0,29.35,1,25.49,14.89,101.25,3.72,20.17,225
2019-02-23 22:10:00,69.95,1,48.42,0,56.56,0,29.36,1,25.63,14.34,101.26,4.51,22.2,225
2019-02-23 22:15:00,69.99,1,48.39,0,56.44,0,29.37,1,25.77,13.78,101.26,5.31,24.24,225
2019-02-23 22:20:00,70.04,1,48.37,0,56.33,0,29.38,1,25.8,13.56,101.26,5.07,30.58,225
2019-02-23 22:25:00,70.09,1,48.34,0,56.22,0,29.39,1,25.82,13.34,101.27,4.83,36.92,225
2019-02-23 22:30:00,70.14,1,48.32,0,56.11,0,29.4,1,25.74,13.36,101.27,4.85,33.84,225
2019-02-23 22:35:00,70.18,1,48.29,0,56,0,29.41,1,25.65,13.38,101.27,4.86,30.77,225
2019-02-23 22:40:00,70.23,1,48.26,0,55.89,0,29.42,1,25.64,13.32,101.28,5.1,33.84,225
2019-02-23 22:45:00,70.28,1,48.24,0,55.78,0,29.43,1,25.62,13.25,101.28,5.34,36.92,225
2019-02-23 22:50:00,70.33,1,48.21,0,55.67,0,29.44,1,25.38,14.4,101.28,5.22,33.46,225
2019-02-23 22:55:00,70.38,1,48.18,0,55.56,0,29.45,1,25.15,15.54,101.28,5.1,30,225
2019-02-23 23:00:00,70.42,1,48.16,0,55.44,0,29.46,1,25.04,16.4,101.28,5.35,28.89,225
2019-02-23 23:05:00,70.47,1,48.13,0,55.33,0,29.47,1,24.94,17.26,101.28,5.59,27.78,225
2019-02-23 23:10:00,70.52,1,48.11,0,55.22,0,29.48,1,24.83,18.12,101.28,5.84,26.67,225
2019-02-23 23:15:00,70.57,1,48.08,0,55.11,0,29.49,1,24.82,18.26,101.28,6.28,33.01,225
2019-02-23 23:20:00,70.62,1,48.05,0,55,0,29.5,1,24.82,18.41,101.28,6.72,39.34,225
2019-02-23 23:25:00,70.66,1,48.03,0,54.89,0,29.51,1,24.84,18.22,101.28,6.8,41.49,225
2019-02-23 23:30:00,70.71,1,48,0,54.78,0,29.52,1,24.85,18.02,101.28,6.87,43.64,225
2019-02-23 23:35:00,70.76,1,48,0,54.67,0,29.54,1,24.91,17.3,101.28,6.96,41.18,225
2019-02-23 23:40:00,70.81,1,48,0,54.56,0,29.55,1,24.97,16.58,101.28,7.06,38.71,225
2019-02-23 23:45:00,70.86,1,48,0,54.44,0,29.56,1,24.88,16.43,101.28,6.74,37.26,225
2019-02-23 23:50:00,70.9,1,48,0,54.33,0,29.57,1,24.79,16.29,101.29,6.43,35.82,225
2019-02-23 23:55:00,70.95,1,48,0,54.22,0,29.58,1,24.66,16.19,101.28,6.44,34.12,225
2019-02-24 00:00:00,71,1,48,0,54.11,0,29.59,1,24.52,16.09,101.28,6.44,32.43,225
2019-02-24 00:05:00,70.97,0,48,0,54,0,29.6,1,24.45,15.62,101.28,6.27,34.39,225
2019-02-24 00:10:00,70.94,0,48,0,53.92,0,29.61,1,24.38,15.14,101.28,6.1,36.36,225
2019-02-24 00:15:00,70.92,0,48,0,53.84,0,29.62,1,24.29,14.94,101.28,5.92,34.39,270
2019-02-24 00:20:00,70.89,0,48,0,53.75,0,29.63,1,24.2,14.75,101.28,5.73,32.43,315
2019-02-24 00:25:00,70.86,0,48,0,53.67,0,29.64,1,24.11,14.77,101.28,5.24,30.01,315
2019-02-24 00:30:00,70.83,0,48,0,53.59,0,29.65,1,24.02,14.79,101.28,4.76,27.59,315
2019-02-24 00:35:00,70.81,0,48,0,53.51,0,29.66,1,23.82,15.1,101.28,4.57,26.56,315
2019-02-24 00:40:00,70.78,0,48,0,53.42,0,29.67,1,23.62,15.41,101.28,4.38,25.53,315
2019-02-24 00:45:00,70.75,0,48,0,53.34,0,29.68,1,23.51,15.27,101.28,3.98,23.68,315
2019-02-24 00:50:00,70.72,0,48,0,53.26,0,29.69,1,23.4,15.13,101.28,3.59,21.82,315
2019-02-24 00:55:00,70.69,0,48,0,53.18,0,29.7,1,23.33,15.57,101.28,4.26,26.1,270
2019-02-24 01:00:00,70.67,0,48,0,53.1,0,29.71,1,23.26,16,101.27,4.92,30.38,225
2019-02-24 01:05:00,70.64,0,48,0,53.01,0,29.72,1,23.1,18.12,101.26,5.02,28.67,225
2019-02-24 01:10:00,70.61,0,48,0,52.93,0,29.73,1,22.94,20.25,101.26,5.12,26.97,225
2019-02-24 01:15:00,70.58,0,48,0,52.85,0,29.74,1,22.85,20.45,101.26,4.36,21.08,270
2019-02-24 01:20:00,70.56,0,48,0,52.77,0,29.75,1,22.76,20.65,101.26,3.61,15.19,315
2019-02-24 01:25:00,70.53,0,48,0,52.68,0,29.77,1,22.56,21.04,101.26,4.25,21.88,270
2019-02-24 01:30:00,70.5,0,48,0,52.6,0,29.78,1,22.36,21.44,101.26,4.89,28.57,225
2019-02-24 01:35:00,70.47,0,48,0,52.52,0,29.79,1,22.42,20.72,101.25,4.97,25.82,225
2019-02-24 01:40:00,70.44,0,48,0,52.44,0,29.8,1,22.47,19.99,101.24,5.06,23.08,225
2019-02-24 01:45:00,70.42,0,48,0,52.36,0,29.81,1,22.41,19.48,101.24,4.59,18.43,225
2019-02-24 01:50:00,70.39,0,48,0,52.27,0,29.82,1,22.35,18.97,101.24,4.12,13.79,225
2019-02-24 01:55:00,70.36,0,48,0,52.19,0,29.83,1,22.46,18.12,101.24,5.43,17.33,225
2019-02-24 02:00:00,70.33,0,48,0,52.11,0,29.84,1,22.58,17.26,101.23,6.73,20.87,225
2019-02-24 02:05:00,70.31,0,48,0,52.03,0,29.85,1,22.69,16.78,101.22,6.79,27.1,225
2019-02-24 02:10:00,70.28,0,48,0,51.95,0,29.86,1,22.8,16.31,101.22,6.85,33.33,225
2019-02-24 02:15:00,70.25,0,48,0,51.86,0,29.87,1,22.77,16.06,101.22,7.01,29.43,270
2019-02-24 02:20:00,70.22,0,48,0,51.78,0,29.88,1,22.74,15.82,101.21,7.17,25.53,315
2019-02-24 02:25:00,70.19,0,48,0,51.7,0,29.89,1,22.6,16.02,101.2,6.44,24.88,315
2019-02-24 02:30:00,70.17,0,48,0,51.62,0,29.9,1,22.46,16.22,101.2,5.71,24.24,315
2019-02-24 02:35:00,70.14,0,48,0,51.53,0,29.91,1,22.24,16.61,101.2,5.09,21.88,315
2019-02-24 02:40:00,70.11,0,48,0,51.45,0,29.92,1,22.03,17,101.2,4.47,19.51,315
2019-02-24 02:45:00,70.08,0,48,0,51.37,0,29.93,1,21.86,17.4,101.2,3.87,17.21,315
2019-02-24 02:50:00,70.06,0,48,0,51.29,0,29.94,1,21.69,17.8,101.21,3.28,14.91,315
2019-02-24 02:55:00,70.03,0,48,0,51.21,0,29.95,1,21.44,18.58,101.2,2.75,13.48,315
2019-02-24 03:00:00,70,0,48,0,51.12,0,29.96,1,21.19,19.35,101.2,2.22,12.06,315
2019-02-24 03:05:00,69.97,0,48,0,51.04,0,29.97,1,21.12,20.23,101.2,3.49,16.38,270
2019-02-24 03:10:00,69.94,0,48,0,50.96,0,29.99,1,21.04,21.1,101.2,4.75,20.69,225
2019-02-24 03:15:00,69.92,0,48,0,50.88,0,30,1,21.38,20.2,101.2,6,25.73,225
2019-02-24 03:20:00,69.89,0,48,0,50.79,0,30.01,1,21.71,19.31,101.19,7.24,30.77,225
2019-02-24 03:25:00,69.86,0,48,0,50.71,0,30.02,1,21.76,19.27,101.2,6.86,32.28,225
2019-02-24 03:30:00,69.83,0,48,0,50.63,0,30.03,1,21.81,19.23,101.2,6.49,33.8,225
2019-02-24 03:35:00,69.81,0,48,0,50.55,0,30.04,1,21.64,19.92,101.2,6.08,30.53,270
2019-02-24 03:40:00,69.78,0,48,0,50.47,0,30.05,1,21.46,20.61,101.2,5.66,27.27,315
2019-02-24 03:45:00,69.75,0,48,0,50.38,0,30.06,1,21.37,20.76,101.2,5.8,24.74,270
2019-02-24 03:50:00,69.72,0,48,0,50.3,0,30.07,1,21.28,20.92,101.2,5.93,22.22,225
2019-02-24 03:55:00,69.69,0,48,0,50.22,0,30.08,1,21.33,20.92,101.2,6.42,25.23,225
2019-02-24 04:00:00,69.67,0,48,0,50.14,0,30.09,1,21.38,20.92,101.2,6.92,28.24,225
2019-02-24 04:05:00,69.64,0,48,0,50.05,0,30.1,1,21.28,21.41,101.2,6.67,30.78,225
2019-02-24 04:10:00,69.61,0,48,0,49.97,0,30.11,1,21.19,21.9,101.21,6.42,33.33,225
2019-02-24 04:15:00,69.58,0,48,0,49.89,0,30.12,1,21.16,22.01,101.21,6.57,33.11,225
2019-02-24 04:20:00,69.56,0,48,0,49.81,0,30.13,1,21.13,22.12,101.21,6.72,32.88,225
2019-02-24 04:25:00,69.53,0,48,0,49.73,0,30.14,1,21.02,22.5,101.21,7.19,35.38,225
2019-02-24 04:30:00,69.5,0,48,0,49.64,0,30.15,1,20.92,22.88,101.21,7.67,37.87,225
2019-02-24 04:35:00,69.47,0,48,0,49.56,0,30.16,1,20.82,23.25,101.21,8.14,40.36,225
2019-02-24 04:40:00,69.44,0,48,0,49.48,0,30.17,1,20.71,23.63,101.21,8.62,42.86,225
2019-02-24 04:45:00,69.42,0,48,0,49.4,0,30.18,1,20.72,23.19,101.21,7.92,38.08,247.5
2019-02-24 04:50:00,69.39,0,48,0,49.32,0,30.19,1,20.72,22.74,101.21,7.23,33.31,270
2019-02-24 04:55:00,69.36,0,48,0,49.23,0,30.2,1,20.73,22.3,101.21,6.54,28.54,292.5
2019-02-24 05:00:00,69.33,0,48,0,49.15,0,30.22,1,20.74,21.86,101.21,5.84,23.76,315
2019-02-24 05:05:00,69.31,0,48,0,49.07,0,30.23,1,20.6,22.1,101.22,5.66,25.68,315
2019-02-24 05:10:00,69.28,0,48,0,48.99,0,30.24,1,20.46,22.33,101.22,5.48,27.59,315
2019-02-24 05:15:00,69.25,0,48,0,48.9,0,30.25,1,20.38,22.6,101.22,5.64,25.31,315
2019-02-24 05:20:00,69.22,0,48,0,48.82,0,30.26,1,20.3,22.88,101.22,5.8,23.02,315
2019-02-24 05:25:00,69.19,0,48,0,48.74,0,30.27,1,20.22,23.15,101.22,5.97,20.74,315
2019-02-24 05:30:00,69.17,0,48,0,48.66,0,30.28,1,20.14,23.42,101.22,6.13,18.46,315
2019-02-24 05:35:00,69.14,0,48,0,48.58,0,30.29,1,20.12,23.38,101.22,5.96,26.38,315
2019-02-24 05:40:00,69.11,0,48,0,48.49,0,30.3,1,20.09,23.34,101.22,5.78,34.29,315
2019-02-24 05:45:00,69.08,0,48,0,48.41,0,30.31,1,20.01,23.66,101.22,5.65,34.45,315
2019-02-24 05:50:00,69.06,0,48,0,48.33,0,30.32,1,19.93,23.99,101.22,5.53,34.62,315
2019-02-24 05:55:00,69.03,0,48,0,48.25,0,30.33,1,19.85,24.31,101.22,5.4,34.78,315
2019-02-24 06:00:00,69,0,48,0,48.16,0,30.34,1,19.62,25.28,101.22,6.14,30.72,315
2019-02-24 06:05:00,68.97,0,47.95,0,48.08,0,30.35,1,19.4,26.25,101.23,6.87,26.67,315
2019-02-24 06:10:00,68.95,0,47.9,0,48,0,30.36,1,19.21,26.8,101.24,6.48,27.62,270
2019-02-24 06:15:00,68.92,0,47.85,0,47.89,0,30.37,1,19.02,27.36,101.24,6.08,28.57,225
2019-02-24 06:20:00,68.89,0,47.79,0,47.78,0,30.38,1,18.74,28.08,101.24,4.35,23.58,270
2019-02-24 06:25:00,68.86,0,47.74,0,47.67,0,30.39,1,18.45,28.79,101.25,2.62,18.6,315
2019-02-24 06:30:00,68.84,0,47.69,0,47.56,0,30.4,1,18.28,29.61,101.25,3.14,18.32,270
2019-02-24 06:35:00,68.81,0,47.64,0,47.44,0,30.41,1,18.11,30.43,101.25,3.66,18.05,225
2019-02-24 06:40:00,68.78,0,47.59,0,47.33,0,30.42,1,18.01,30.62,101.25,4.36,21.14,270
2019-02-24 06:45:00,68.76,0,47.54,0,47.22,0,30.43,1,17.91,30.8,101.25,5.05,24.24,315
2019-02-24 06:50:00,68.73,0,47.49,0,47.11,0,30.45,1,18.06,29.96,101.26,5.82,25.6,270
2019-02-24 06:55:00,68.7,0,47.44,0,47,0,30.46,1,18.22,29.13,101.27,6.6,26.97,225
2019-02-24 07:00:00,68.68,0,47.38,0,46.89,0,30.47,1,18.24,28.95,101.28,6.24,26.12,225
2019-02-24 07:05:00,68.65,0,47.33,0,46.78,0,30.48,1,18.25,28.77,101.29,5.89,25.26,225
2019-02-24 07:10:00,68.62,0,47.28,0,46.67,0,30.49,1,18.24,28.24,101.3,5.99,26.92,270
2019-02-24 07:15:00,68.59,0,47.23,0,46.56,0,30.5,1,18.22,27.7,101.3,6.1,28.57,315
2019-02-24 07:20:00,68.57,0,47.18,0,46.44,0,30.51,1,18.26,27.26,101.3,5.88,25.82,315
2019-02-24 07:25:00,68.54,0,47.13,0,46.33,0,30.52,1,18.3,26.83,101.3,5.67,23.08,315
2019-02-24 07:30:00,68.51,0,47.08,0,46.22,0,30.53,1,18.32,26.9,101.31,5.8,24.37,292.5
2019-02-24 07:35:00,68.49,0,47.03,0,46.11,0,30.54,1,18.33,26.98,101.32,5.94,25.66,270
2019-02-24 07:40:00,68.46,0,46.97,0,46,0,30.55,1,18.34,27.06,101.33,6.07,26.95,247.5
2019-02-24 07:45:00,68.43,0,46.92,0,45.89,0,30.56,1,18.36,27.13,101.34,6.2,28.24,225
2019-02-24 07:50:00,68.41,0,46.87,0,45.78,0,30.57,1,18.58,26.56,101.34,6.88,33.48,225
2019-02-24 07:55:00,68.38,0,46.82,0,45.67,0,30.58,1,18.8,25.98,101.34,7.55,38.71,225
2019-02-24 08:00:00,68.35,0,46.77,0,45.56,0,30.59,1,19.12,25.23,101.34,8.3,40.04,270
2019-02-24 08:05:00,68.32,0,46.72,0,45.44,0,30.6,1,19.44,24.48,101.35,9.06,41.38,315
2019-02-24 08:10:00,68.3,0,46.67,0,45.33,0,30.61,1,19.71,23.94,101.35,8.13,42.51,270
2019-02-24 08:15:00,68.27,0,46.62,0,45.22,0,30.62,1,19.98,23.4,101.36,7.2,43.64,225
2019-02-24 08:20:00,68.24,0,46.56,0,45.11,0,30.63,1,20.46,22.37,101.36,6.95,36.81,247.5
2019-02-24 08:25:00,68.22,0,46.51,0,45,0,30.64,1,20.94,21.34,101.36,6.7,29.98,270
2019-02-24 08:30:00,68.19,0,46.46,0,44.89,0,30.65,1,21.43,20.3,101.36,6.44,23.16,292.5
2019-02-24 08:35:00,68.16,0,46.41,0,44.78,0,30.67,1,21.91,19.27,101.36,6.19,16.33,315
2019-02-24 08:40:00,68.14,0,46.36,0,44.67,0,30.68,1,22.48,18.02,101.37,6.74,26.08,315
2019-02-24 08:45:00,68.11,0,46.31,0,44.56,0,30.69,1,23.06,16.76,101.38,7.3,35.82,315
2019-02-24 08:50:00,68.08,0,46.26,0,44.44,0,30.7,1,23.64,15.44,101.38,7.46,26.86,315
2019-02-24 08:55:00,68.05,0,46.21,0,44.33,0,30.71,1,24.22,14.13,101.38,7.62,17.91,315
2019-02-24 09:00:00,68.03,0,46.15,0,44.22,0,30.72,1,24.66,13.18,101.38,8.62,38.22,315
2019-02-24 09:05:00,68,0,46.1,0,44.11,0,30.73,1,25.1,12.22,101.38,9.63,58.54,315
2019-02-24 09:10:00,67.97,0,46.05,0,44,0,30.74,1,25.65,11.43,101.38,9.74,57.84,315
2019-02-24 09:15:00,67.94,0,46,0,43.76,0,30.75,1,26.19,10.64,101.39,9.84,57.14,315
2019-02-24 09:20:00,67.92,0,45.95,0,43.51,0,30.76,1,26.74,9.84,101.4,9.84,59.34,315
2019-02-24 09:25:00,67.89,0,45.9,0,43.27,0,30.77,1,27.3,9.03,101.4,9.83,61.54,315
2019-02-24 09:30:00,67.86,0,45.84,0,43.03,0,30.78,1,27.61,8.72,101.41,10.36,78.77,315
2019-02-24 09:35:00,67.83,0,45.79,0,42.78,0,30.79,1,27.92,8.41,101.42,10.88,96,315
2019-02-24 09:40:00,67.81,0,45.74,0,42.54,0,30.8,1,28.06,8.38,101.42,11.48,94.22,315
2019-02-24 09:45:00,67.78,0,45.69,0,42.3,0,30.81,1,28.2,8.34,101.43,12.07,92.44,315
2019-02-24 09:50:00,67.75,0,45.64,0,42.05,0,30.82,1,28.35,8.3,101.43,12.66,90.67,315
2019-02-24 09:55:00,67.72,0,45.58,0,41.81,0,30.83,1,28.49,8.27,101.43,13.26,88.89,315
2019-02-24 10:00:00,67.69,0,45.53,0,41.57,0,30.84,1,28.8,7.94,101.43,13.66,79.74,315
2019-02-24 10:05:00,67.67,0,45.48,0,41.32,0,30.85,1,29.12,7.6,101.43,14.06,70.59,315
2019-02-24 10:10:00,67.64,0,45.43,0,41.08,0,30.86,1,29.65,7.26,101.44,12.72,59.78,315
2019-02-24 10:15:00,67.61,0,45.38,0,40.84,0,30.87,1,30.17,6.91,101.44,11.38,48.98,315
2019-02-24 10:20:00,67.58,0,45.32,0,40.59,0,30.88,1,30.53,6.69,101.45,11.61,52.95,315
2019-02-24 10:25:00,67.56,0,45.27,0,40.35,0,30.9,1,30.9,6.46,101.46,11.84,56.92,315
2019-02-24 10:30:00,67.53,0,45.22,0,40.11,0,30.91,1,31.26,6.24,101.46,12.07,60.89,315
2019-02-24 10:35:00,67.5,0,45.17,0,39.86,0,30.92,1,31.62,6.02,101.47,12.3,64.86,315
2019-02-24 10:40:00,67.47,0,45.12,0,39.62,0,30.93,1,31.62,5.68,101.47,12.74,68.8,303.75
2019-02-24 10:45:00,67.44,0,45.06,0,39.38,0,30.94,1,31.62,5.33,101.47,13.18,72.73,292.5
2019-02-24 10:50:00,67.42,0,45.01,0,39.14,0,30.95,1,31.92,5.12,101.47,13.71,67.14,303.75
2019-02-24 10:55:00,67.39,0,44.96,0,38.89,0,30.96,1,32.21,4.92,101.47,14.24,61.54,315
2019-02-24 11:00:00,67.36,0,44.91,0,38.65,0,30.97,1,32.44,4.72,101.46,12.96,47.44,303.75
2019-02-24 11:05:00,67.33,0,44.86,0,38.41,0,30.98,1,32.66,4.53,101.46,11.69,33.33,292.5
2019-02-24 11:10:00,67.31,0,44.81,0,38.16,0,30.99,1,33.02,4.32,101.46,12.14,33.33,303.75
2019-02-24 11:15:00,67.28,0,44.75,0,37.92,0,31,1,33.38,4.11,101.45,12.59,33.33,315
2019-02-24 11:20:00,67.25,0,44.7,0,37.68,0,31.01,1,33.16,4.11,101.44,13.43,58.04,315
2019-02-24 11:25:00,67.22,0,44.65,0,37.43,0,31.02,1,32.94,4.11,101.44,14.27,82.76,315
2019-02-24 11:30:00,67.19,0,44.6,0,37.19,0,31.03,1,33.2,4.08,101.44,13.66,61.38,157.5
2019-02-24 11:35:00,67.17,0,44.55,0,36.95,0,31.04,1,33.45,4.05,101.43,13.06,40,0
2019-02-24 11:40:00,67.14,0,44.49,0,36.7,0,31.05,1,33.65,3.86,101.42,13.34,60,0
2019-02-24 11:45:00,67.11,0,44.44,0,36.46,0,31.06,1,33.84,3.67,101.41,13.61,80,0
2019-02-24 11:50:00,67.08,0,44.39,0,36.22,0,31.07,1,34.03,3.66,101.4,12.88,84.44,0
2019-02-24 11:55:00,67.06,0,44.34,0,35.97,0,31.08,1,34.22,3.66,101.4,12.14,88.89,0
2019-02-24 12:00:00,67.03,0,44.29,0,35.73,0,31.09,1,34.36,3.56,101.39,12.2,85.82,0
2019-02-24 12:05:00,67,0,44.23,0,35.49,0,31.1,1,34.51,3.45,101.38,12.26,82.76,0
2019-02-24 12:10:00,66.96,0,44.18,0,35.24,0,31.12,1,34.57,3.29,101.36,12.4,68.66,0
2019-02-24 12:15:00,66.92,0,44.13,0,35,0,31.13,1,34.63,3.13,101.35,12.53,54.55,0
2019-02-24 12:20:00,66.88,0,44.08,0,34.81,0,31.14,1,34.75,3.02,101.34,12.92,58.04,0
2019-02-24 12:25:00,66.84,0,44.03,0,34.61,0,31.15,1,34.86,2.91,101.34,13.32,61.54,0
2019-02-24 12:30:00,66.79,0,43.97,0,34.42,0,31.16,1,34.76,2.93,101.33,12.9,46.16,0
2019-02-24 12:35:00,66.75,0,43.92,0,34.22,0,31.17,1,34.66,2.95,101.32,12.47,30.77,0
2019-02-24 12:40:00,66.71,0,43.87,0,34.03,0,31.18,1,34.74,2.76,101.31,12.9,40.92,0
2019-02-24 12:45:00,66.67,0,43.82,0,33.83,0,31.19,1,34.81,2.58,101.3,13.34,51.06,0
2019-02-24 12:50:00,66.63,0,43.77,0,33.64,0,31.2,1,34.3,2.76,101.29,13.45,50.02,0
2019-02-24 12:55:00,66.59,0,43.71,0,33.44,0,31.21,1,33.8,2.94,101.28,13.56,48.98,0
2019-02-24 13:00:00,66.55,0,43.66,0,33.25,0,31.22,1,33.34,3.16,101.27,13.78,61.99,0
2019-02-24 13:05:00,66.51,0,43.61,0,33.06,0,31.23,1,32.89,3.38,101.26,14,75,0
2019-02-24 13:10:00,66.47,0,43.56,0,32.86,0,31.24,1,32.86,3.64,101.25,13.04,59.72,0
2019-02-24 13:15:00,66.42,0,43.51,0,32.67,0,31.25,1,32.83,3.91,101.24,12.09,44.44,0
2019-02-24 13:20:00,66.38,0,43.45,0,32.47,0,31.26,1,33.33,3.63,101.24,11.1,34.34,0
2019-02-24 13:25:00,66.34,0,43.4,0,32.28,0,31.27,1,33.82,3.35,101.23,10.1,24.24,0
2019-02-24 13:30:00,66.3,0,43.35,0,32.08,0,31.28,1,33.83,3.38,101.22,11.44,43.7,0
2019-02-24 13:35:00,66.26,0,43.3,0,31.89,0,31.29,1,33.83,3.41,101.21,12.78,63.16,0
2019-02-24 13:40:00,66.22,0,43.25,0,31.69,0,31.3,1,34,3.35,101.2,12.05,61.58,0
2019-02-24 13:45:00,66.18,0,43.19,0,31.5,0,31.31,1,34.18,3.29,101.2,11.32,60,0
2019-02-24 13:50:00,66.14,0,43.14,0,31.31,0,31.32,1,34.48,3.23,101.19,11.28,55,0
2019-02-24 13:55:00,66.1,0,43.09,0,31.11,0,31.33,1,34.77,3.17,101.18,11.24,50,0
2019-02-24 14:00:00,66.05,0,43.04,0,30.92,0,31.35,1,34.58,3.02,101.18,11.82,58.34,0
2019-02-24 14:05:00,66.01,0,42.99,0,30.72,0,31.36,1,34.38,2.88,101.17,12.4,66.67,0
2019-02-24 14:10:00,65.97,0,42.94,0,30.53,0,31.37,1,34.13,3.16,101.16,11.04,55.16,0
2019-02-24 14:15:00,65.93,0,42.88,0,30.33,0,31.38,1,33.88,3.43,101.15,9.67,43.64,0
